Symbol,Name,Last,Change,%Chg,High,Low,Volume,Time
A,"Agilent Technologies",69.41,-0.09,-0.13%,69.63,68.71,2179100,10/09/18
AAL,"American Airlines Gp",33.55,-2.35,-6.55%,36.39,33.41,19662600,10/09/18
AAP,"Advance Auto Parts Inc",168.89,0.53,+0.31%,171.5,168.16,850400,10/09/18
AAPL,"Apple Inc",226.87,3.1,+1.39%,227.27,222.25,26891000,10/09/18
ABBV,"Abbvie Inc",94.57,-0.24,-0.25%,95.26,93.8,3625900,10/09/18
ABC,"Amerisourcebergen Corp",90.92,-0.37,-0.41%,91.8,90.43,1157800,10/09/18
ABMD,"Abiomed Inc",395.08,-3.93,-0.98%,408.87,393.96,536300,10/09/18
ABT,"Abbott Laboratories",71.29,-0.15,-0.21%,71.59,70.87,4812200,10/09/18
ACN,"Accenture Plc",168.8,-1.1,-0.65%,169.88,168.11,2027900,10/09/18
ADBE,"Adobe Systems Inc",254.16,-0.53,-0.21%,258.72,251.71,2597700,10/09/18
ADI,"Analog Devices",86.76,0.28,+0.32%,86.95,85.59,3950200,10/09/18
ADM,"Archer Daniels Midland Company",51.45,-0.34,-0.66%,51.96,51.37,3485300,10/09/18
ADP,"Automatic Data Procs",150.14,0.84,+0.56%,152.36,149.22,1398600,10/09/18
ADS,"Alliance Data Systems Corp",227.26,-2.16,-0.94%,230.12,225.78,313000,10/09/18
ADSK,"Autodesk Inc",142.86,-3.35,-2.29%,148.13,142.7,2442400,10/09/18
AEE,"Ameren Corp",66.33,0.68,+1.04%,66.64,65.59,1625800,10/09/18
AEP,"American Electric Power Company",73.05,0.2,+0.27%,73.48,72.48,3228300,10/09/18
AES,"The Aes Corp",14.82,0.05,+0.34%,14.86,14.71,7623900,10/09/18
AET,"Aetna Inc",203.72,-0.39,-0.19%,204.64,203.24,964200,10/09/18
AFL,"Aflac Incorporated",47.41,0.28,+0.59%,47.52,46.75,2502700,10/09/18
AGN,"Allergan Plc",192.16,2.53,+1.33%,192.4,187.07,1272800,10/09/18
AIG,"American International Group",53.82,-0.23,-0.43%,54.14,53.46,3625000,10/09/18
AIV,"Apartment Investment and Management",44.37,0.22,+0.50%,44.41,43.89,1055800,10/09/18
AIZ,"Assurant Inc",108.4,-0.04,-0.04%,108.61,107.68,406200,10/09/18
AJG,"Arthur J. Gallagher & Co",75.41,-0.07,-0.09%,75.75,75.11,543300,10/09/18
AKAM,"Akamai Technologies",64.93,-0.45,-0.69%,65.86,64.79,1269600,10/09/18
ALB,"Albemarle Corp",97.28,-4.97,-4.86%,101.2,96.97,2716200,10/09/18
ALGN,"Align Technology I",340.97,-1.9,-0.55%,346.77,336.02,1025500,10/09/18
ALK,"Alaska Air Group",62.61,-2.7,-4.13%,65.02,62.36,3395200,10/09/18
ALL,"Allstate Corp",100.46,0.37,+0.37%,100.55,99.41,1240400,10/09/18
ALLE,"Allegion Plc Ordinary Shares Wh",87.62,-0.75,-0.85%,89.28,86.78,882900,10/09/18
ALXN,"Alexion Pharm Inc",130.58,1.12,+0.87%,132.27,128.54,1384500,10/09/18
AMAT,"Applied Materials",35.72,-0.87,-2.38%,36.58,35.69,13392601,10/09/18
AMD,"Adv Micro Devices",27.24,0.78,+2.95%,27.71,26,105461695,10/09/18
AME,"Amtek Inc",76.8,-1.12,-1.44%,77.92,76.76,1036100,10/09/18
AMG,"Affiliated Managers Group",131.27,-2.28,-1.71%,133.02,130.52,462200,10/09/18
AMGN,"Amgen Inc",206,0.43,+0.21%,208.08,204.49,2509100,10/09/18
AMP,"Ameriprise Financial Services",149.02,-2,-1.32%,150.37,147.61,772700,10/09/18
AMT,"American Tower Corp",147.65,1.86,+1.28%,147.89,145.37,1782200,10/09/18
AMZN,"Amazon.com Inc",1870.32,5.9,+0.32%,1896.68,1852.32,4772800,10/09/18
ANET,"Arista Networks Inc",238.65,-4.56,-1.87%,244.99,235.53,1160300,10/09/18
ANSS,"Ansys Inc",165.84,-2.43,-1.44%,170.45,164.65,771800,10/09/18
ANTM,"Anthem Inc",279.18,1.79,+0.65%,280.43,275.22,923800,10/09/18
AON,"AON Plc",157.12,0.91,+0.58%,157.53,155.09,647600,10/09/18
AOS,"Smith [A.O.] Corp",49.86,-1.91,-3.69%,51.86,49.8,1723600,10/09/18
APA,"Apache Corp",49.3,1.3,+2.71%,50.03,48.19,4394100,10/09/18
APC,"Anadarko Petroleum Corp",70.61,1.34,+1.93%,71.11,69.36,3586500,10/09/18
APD,"Air Products and Chemicals",164.32,-4.96,-2.93%,168.62,163.8,1051000,10/09/18
APH,"Amphenol Corp",90.19,0.89,+1.00%,90.59,89.42,2080400,10/09/18
APTV,"Aptiv Plc",76.56,-3.14,-3.94%,79.96,76.12,3782800,10/09/18
ARE,"Alexandria Real Estate Equities",125.96,0.61,+0.49%,126,123.9,811500,10/09/18
ARNC,"Arconic Inc",22.84,-0.56,-2.39%,23.45,22.58,4624500,10/09/18
ATVI,"Activision Blizzard",77.64,0.01,+0.01%,78.85,76.62,4617800,10/09/18
AVB,"Avalonbay Communities",181.13,1.8,+1.00%,181.28,178.14,556600,10/09/18
AVGO,"Broadcom Ltd",244.7,3.33,+1.38%,245.73,240.37,2467500,10/09/18
AVY,"Avery Dennison Corp",104.72,-2.19,-2.05%,106.63,104.51,581200,10/09/18
AWK,"American Water Works",90.57,0.64,+0.71%,90.68,89.72,781800,10/09/18
AXP,"American Express Company",106.66,-0.33,-0.31%,106.93,105.93,2604300,10/09/18
AZO,Autozone,782.59,-5.88,-0.75%,794.68,781.89,267300,10/09/18
BA,"Boeing Company",385.44,-0.33,-0.09%,386.82,381.14,2862700,10/09/18
BAC,"Bank of America Corp",29.98,-0.29,-0.96%,30.19,29.87,58868598,10/09/18
BAX,"Baxter International Inc",72.98,-0.35,-0.48%,73.53,72.71,3180100,10/09/18
BBT,"BB&T Corp",49.43,-0.31,-0.62%,49.67,49.22,3405600,10/09/18
BBY,"Best Buy Co",71.34,-0.04,-0.06%,72.94,70.77,4040800,10/09/18
BDX,"Becton Dickinson and Company",250.5,0.13,+0.05%,252.26,248.59,601700,10/09/18
BEN,"Franklin Resources",30.56,-0.38,-1.23%,30.88,30.3,2846500,10/09/18
BF.B,"Brown Forman Inc Cl B",50.17,0.43,+0.86%,50.38,49.57,1092400,10/09/18
BHF,"Brighthouse Financial Inc",45.77,-0.55,-1.19%,46.45,45.5,664000,10/09/18
BHGE,"Baker Hughes A Ge Co. Cl. A",32.63,0.74,+2.32%,32.99,31.75,2625800,10/09/18
BIIB,"Biogen Inc",344.57,1.54,+0.45%,346.42,341.15,778800,10/09/18
BK,"Bank of New York Mellon Corp",52.23,-0.55,-1.04%,52.52,51.97,3695900,10/09/18
BKNG,"Booking Holdings Inc",1870.5,-30.4,-1.60%,1915.66,1869.21,327800,10/09/18
BLK,Blackrock,459.71,-11.75,-2.49%,470.98,459.08,875400,10/09/18
BLL,"Ball Corp",45.72,-0.63,-1.36%,46.24,45.69,4262400,10/09/18
BMY,"Bristol-Myers Squibb Company",63.23,0.33,+0.52%,63.69,62.47,6618800,10/09/18
BR,"Broadridge Financial Solutions Llc",125.59,0.43,+0.34%,126.04,123.1,720400,10/09/18
BRK.B,"Berkshire Hath Hld Cl B",223.76,1.7,+0.77%,223.94,221.01,4516400,10/09/18
BSX,"Boston Scientific Corp",37.41,0.11,+0.29%,37.58,37.11,6492100,10/09/18
BWA,"Borgwarner Inc",40.9,-1.34,-3.17%,42.13,40.75,2632700,10/09/18
BXP,"Boston Properties",120.31,0.55,+0.46%,120.56,118.92,792600,10/09/18
C,"Citigroup Inc",71.89,-0.7,-0.96%,72.7,71.41,15654400,10/09/18
CA,"CA Inc",44,0.03,+0.07%,44.09,44,2244900,10/09/18
CAG,"Conagra Brands Inc",35.57,0.92,+2.66%,35.76,34.51,10054700,10/09/18
CAH,"Cardinal Health",54.38,-0.06,-0.11%,54.55,53.36,1834900,10/09/18
CAT,"Caterpillar Inc",149.46,-3.89,-2.54%,152.61,149.08,4996900,10/09/18
CB,"Chubb Ltd",136.59,0.43,+0.32%,136.9,134.26,1414800,10/09/18
CBOE,"CBOE Global Markets Inc",101.4,1.48,+1.48%,101.97,98.77,1204600,10/09/18
CBRE,"CBRE Group Inc",41.2,-0.86,-2.04%,42.27,41.03,4106700,10/09/18
CBS,"CBS Corp",57.38,0.33,+0.58%,58.53,56.67,4638100,10/09/18
CCI,"Crown Castle International Corp",111.07,0.8,+0.73%,112.07,110.19,2330300,10/09/18
CCL,"Carnival Corp",60.52,-0.57,-0.93%,61.23,60.19,3078000,10/09/18
CDNS,"Cadence Design Sys",41.31,-0.1,-0.24%,41.86,40.97,1528900,10/09/18
CELG,"Celgene Corp",86.76,-0.73,-0.83%,87.73,86.27,3293200,10/09/18
CERN,"Cerner Corp",63.57,-0.15,-0.24%,64.08,63.35,877800,10/09/18
CF,"Cf Industries Holdings",54.81,-0.52,-0.94%,55.92,54.66,1828500,10/09/18
CFG,"Citizens Financial Group Inc/Ri",38.97,-0.26,-0.66%,39.35,38.84,3448200,10/09/18
CHD,"Church & Dwight Company",59.42,-0.38,-0.64%,60.16,59.29,968600,10/09/18
CHRW,"C.H. Robinson Ww",96.25,-1.51,-1.54%,98.16,96.15,961500,10/09/18
CHTR,"Charter Communicatio",322.64,2.4,+0.75%,325.89,317.1,760400,10/09/18
CI,"Cigna Corp",214.04,1.14,+0.54%,215.28,211.52,1764000,10/09/18
CINF,"Cincinnati Financial",78.03,0.42,+0.54%,78.26,77.18,305700,10/09/18
CL,"Colgate-Palmolive Company",65.07,-0.28,-0.43%,65.68,65.06,4603200,10/09/18
CLX,"Clorox Company",150.3,0.42,+0.28%,151.48,149.62,672600,10/09/18
CMA,"Comerica Inc",91.92,-0.57,-0.62%,92.54,91.5,729200,10/09/18
CMCSA,"Comcast Corp A",35.44,0.26,+0.74%,35.83,34.99,17407301,10/09/18
CME,"CME Group Inc",181.16,0.25,+0.14%,182.09,179.81,1543700,10/09/18
CMG,"Chipotle Mexican Grill",447.09,-1.47,-0.33%,455.76,446.04,492500,10/09/18
CMI,"Cummins Inc",150.83,-2.01,-1.32%,153.94,149.61,1420200,10/09/18
CMS,"Cms Energy Corp",50.65,0.4,+0.80%,50.98,50.16,1955600,10/09/18
CNC,"Centene Corp",142.99,0.29,+0.20%,143.7,141.86,1372200,10/09/18
CNP,"Centerpoint Energy Inc",28.13,0.18,+0.64%,28.28,27.95,5600300,10/09/18
COF,"Capital One Financial Corp",96,-0.43,-0.45%,96.59,95.47,2081500,10/09/18
COG,"Cabot Oil & Gas Corp",24.41,0.06,+0.25%,25.16,24.09,12247700,10/09/18
COL,"Rockwell Collins",135.14,-3.51,-2.53%,139,134.92,2491000,10/09/18
COO,"Cooper Companies",259.69,-2.58,-0.98%,263.48,258.11,375100,10/09/18
COP,Conocophillips,79.4,1.12,+1.43%,79.96,78.14,4869600,10/09/18
COST,"Costco Wholesale",224.17,0.24,+0.11%,225.15,222.56,2502700,10/09/18
COTY,"Coty Inc",11.83,-0.1,-0.84%,11.99,11.75,4594000,10/09/18
CPB,"Campbell Soup Company",37.52,-0.73,-1.91%,38.32,37.49,2188500,10/09/18
CPRT,"Copart Inc",51.46,0.2,+0.39%,51.51,50.72,2205000,10/09/18
CRM,"Salesforce.com Inc",148.5,-0.15,-0.10%,150.87,147.21,5593300,10/09/18
CSCO,"Cisco Systems Inc",47.49,-0.03,-0.06%,48.03,47.28,17008699,10/09/18
CSX,"CSX Corp",74.61,-0.15,-0.20%,75.34,74.54,5806700,10/09/18
CTAS,"Cintas Corp",195.32,0.86,+0.44%,196.52,194.17,669300,10/09/18
CTL,Centurylink,21.03,-0.23,-1.08%,21.36,20.97,9436601,10/09/18
CTSH,"Cognizant Tech Sol",73.97,-0.14,-0.19%,74.3,73.58,2247900,10/09/18
CTXS,"Citrix Systems Inc",106.46,-0.36,-0.34%,107.82,105.99,1192100,10/09/18
CVS,"CVS Corp",79.49,-0.31,-0.39%,79.89,78.81,3702000,10/09/18
CVX,"Chevron Corp",126.82,1.98,+1.59%,127.44,125.07,6797800,10/09/18
CXO,"Concho Resources Inc",159.96,3.57,+2.28%,160.81,157.09,1365600,10/09/18
D,"Dominion Resources",73.36,0.37,+0.51%,73.88,73.01,3694200,10/09/18
DAL,"Delta Air Lines Inc",50.86,-1.28,-2.45%,52.93,50.76,8284700,10/09/18
DE,"Deere & Company",150.45,-3.37,-2.19%,153.73,150.11,2107300,10/09/18
DFS,"Discover Financial Services",76.59,-0.41,-0.53%,76.91,76.29,1247900,10/09/18
DG,"Dollar General Corp",105.1,-0.25,-0.24%,107.14,104.94,2584100,10/09/18
DGX,"Quest Diagnostics Inc",103.6,0.62,+0.60%,103.84,102.69,1306300,10/09/18
DHI,"D.R. Horton",39.39,-1.26,-3.10%,40.76,39.26,5180000,10/09/18
DHR,"Danaher Corp",106.73,1.12,+1.06%,107.12,105.47,3048500,10/09/18
DIS,"Walt Disney Company",116.89,0.87,+0.75%,117.77,116.04,6761400,10/09/18
DISCA,"Discovery Comm A",32.36,-0.65,-1.97%,33.02,32.32,3269100,10/09/18
DISCK,"Discovery Comm Inc",29.78,-0.45,-1.49%,30.25,29.71,1507000,10/09/18
DISH,"Dish Network Corp",34.17,-0.32,-0.93%,34.76,33.85,2013800,10/09/18
DLR,"Digital Realty Trust",111.71,0.96,+0.87%,111.75,110.27,1320700,10/09/18
DLTR,"Dollar Tree Inc",82.86,0.58,+0.70%,85.46,82.55,5335800,10/09/18
DOV,"Dover Corp",85.66,-1.72,-1.97%,87.14,85.62,1475500,10/09/18
DRE,"Duke Realty Corp",28.62,0.37,+1.31%,28.66,28.1,3117900,10/09/18
DRI,"Darden Restaurants",108.64,0.3,+0.28%,109.34,107.97,1272000,10/09/18
DTE,"Dte Energy Company",113.64,1.05,+0.93%,113.98,112.4,1266200,10/09/18
DUK,"Duke Energy Corp",82.25,0.11,+0.13%,82.69,81.81,4204100,10/09/18
DVA,"Davita Healthcare Partners Inc",74.84,1.54,+2.10%,75.38,73.14,1399100,10/09/18
DVN,"Devon Energy Corp",39.51,0.73,+1.88%,40.02,38.47,7421100,10/09/18
DWDP,"Dowdupont Inc",60.84,-2.32,-3.67%,62.84,60.61,15096199,10/09/18
DXC,"Dxc Technology Company",89.65,-0.43,-0.48%,90.39,89.11,1172000,10/09/18
EA,"Electronic Arts Inc",109.49,-1.13,-1.02%,112.21,109.29,5238500,10/09/18
EBAY,"Ebay Inc",33.28,0.7,+2.15%,34.6,32.29,27415000,10/09/18
ECL,"Ecolab Inc",154.96,-2.41,-1.53%,157.93,154.54,966700,10/09/18
ED,"Consolidated Edison Company of New York",78.23,0.21,+0.27%,78.82,77.75,1897900,10/09/18
EFX,"Equifax Inc",127.3,-0.2,-0.16%,127.91,126.81,739900,10/09/18
EIX,"Edison International",70.45,0.52,+0.74%,71,69.78,2125400,10/09/18
EL,"Estee Lauder Companies",140.33,0.35,+0.25%,141.09,139.44,1253000,10/09/18
EMN,"Eastman Chemical Company",86.81,-4.45,-4.88%,90.4,86.63,2542900,10/09/18
EMR,"Emerson Electric Company",75.98,-1.92,-2.46%,77.9,75.74,3638500,10/09/18
EOG,"Eog Resources",132.35,2.52,+1.94%,133.53,130.1,2454100,10/09/18
EQIX,"Equinix Inc",416.59,-2.35,-0.56%,421.82,414.91,519600,10/09/18
EQR,"Equity Residential",65.55,0.25,+0.38%,65.79,65.06,1661200,10/09/18
EQT,"Eqt Corp",46.39,0.69,+1.51%,46.93,45.68,2476400,10/09/18
ES,"Eversource Energy",63.36,0.53,+0.84%,63.6,62.72,1440800,10/09/18
ESRX,"Express Scripts",96.5,0.9,+0.94%,96.68,95.17,1865300,10/09/18
ESS,"Essex Property Trust",250.35,2.32,+0.94%,250.62,246.22,527700,10/09/18
ETFC,"E*Trade Finl Corp",53.16,0.32,+0.61%,53.44,52.67,2562800,10/09/18
ETN,"Eaton Corp",84.93,-1.74,-2.01%,86.74,84.75,3364500,10/09/18
ETR,"Entergy Corp",83.43,-0.21,-0.25%,84.4,82.84,1177600,10/09/18
EVHC,"Envision Healthcare Holdings",45.98,0.02,+0.04%,45.99,45.97,5093700,10/09/18
EVRG,"Evergy Inc",56.38,0.26,+0.46%,56.75,56,1290800,10/09/18
EW,"Edwards Lifesciences Corp",147.94,0.79,+0.54%,149.82,146.3,2104100,10/09/18
EXC,"Exelon Corp",44.02,0.01,+0.02%,44.36,43.63,5522200,10/09/18
EXPD,"Expeditors Intl",71.21,-1.12,-1.55%,72.2,71.15,751600,10/09/18
EXPE,"Expedia Group Inc",121.36,-1.23,-1.00%,123.43,121.14,1306800,10/09/18
EXR,"Extra Space Storage Inc",87.1,1.06,+1.23%,87.15,85.45,870800,10/09/18
F,"Ford Motor Company",8.95,-0.31,-3.35%,9.31,8.95,58356898,10/09/18
FAST,"Fastenal Co",55.64,-1.04,-1.83%,57.01,55.64,5444200,10/09/18
FB,"Facebook Inc",157.9,0.65,+0.41%,160.59,157.42,18844400,10/09/18
FBHS,"Fortune Brands Home & Security",49.97,-1.77,-3.42%,51.85,49.9,1459400,10/09/18
FCX,"Freeport-Mcmoran Inc",13.18,-0.11,-0.83%,13.38,12.98,11831101,10/09/18
FDX,"Fedex Corp",229.75,-5.24,-2.23%,234.75,229.15,1668600,10/09/18
FE,"Firstenergy Corp",38.35,0.3,+0.79%,38.52,37.98,3127900,10/09/18
FFIV,"F5 Networks Inc",176.83,-2.18,-1.22%,180.65,176.37,714400,10/09/18
FIS,"Fidelity National Information Services",107.81,0.52,+0.48%,108.23,106.85,1447500,10/09/18
FISV,"Fiserv Inc",80.76,0.15,+0.19%,81.5,80.29,1229700,10/09/18
FITB,"Fifth Third Bncp",28.46,-0.21,-0.73%,28.61,28.23,5193400,10/09/18
FL,"Footlocker Inc",49.08,0.1,+0.20%,49.84,48.76,2400600,10/09/18
FLIR,"Flir Systems Inc",58.35,-0.27,-0.46%,58.93,58.11,559600,10/09/18
FLR,"Fluor Corp",58.71,-0.62,-1.05%,59.44,58.63,1302900,10/09/18
FLS,"Flowserve Corp",53.42,-0.25,-0.47%,53.71,52.97,599400,10/09/18
FLT,"Fleetcor Technologies",215.16,-1.65,-0.76%,217.15,213.81,442000,10/09/18
FMC,"FMC Corp",86.99,-3.67,-4.05%,90.12,86.5,1872300,10/09/18
FOX,"21st Centry Fox Class B",45.26,-0.21,-0.46%,45.66,45.13,4232900,10/09/18
FOXA,"21st Centry Fox Class A",45.5,-0.22,-0.48%,45.9,45.36,8323300,10/09/18
FRT,"Federal Realty Investment Trust",124.1,-0.88,-0.70%,125.2,123.06,375000,10/09/18
FTI,"Technipfmc Plc",30.89,0.66,+2.18%,31.16,29.99,3303200,10/09/18
FTV,"Fortive Corp",82.2,-1.45,-1.73%,83.27,82.13,5700600,10/09/18
GD,"General Dynamics Corp",204.16,-3,-1.45%,207,204.01,931800,10/09/18
GE,"General Electric Company",13.55,-0.06,-0.44%,13.78,13.41,110448094,10/09/18
GILD,"Gilead Sciences Inc",76.54,0.14,+0.18%,77.39,75.83,5367700,10/09/18
GIS,"General Mills",43.29,-1.1,-2.48%,44.03,43.06,3639200,10/09/18
GLW,"Corning Inc",34.25,-0.22,-0.64%,34.58,34.24,3916700,10/09/18
GM,"General Motors Company",32.65,-1.6,-4.67%,34,32.59,19919801,10/09/18
GOOG,"Alphabet Class C",1138.82,-10.15,-0.88%,1154.35,1137.57,1308700,10/09/18
GOOGL,"Alphabet Class A",1145.17,-10.75,-0.93%,1161.55,1144.17,1684700,10/09/18
GPC,"Genuine Parts Company",98.08,-1.66,-1.66%,100,98,645700,10/09/18
GPN,"Global Payments Inc",117.63,-0.23,-0.20%,119.05,116.68,928300,10/09/18
GPS,"Gap Inc",27.53,-0.4,-1.43%,27.91,27.2,3933600,10/09/18
GRMN,"Garmin Ltd",67.23,-0.62,-0.91%,68.22,66.85,960700,10/09/18
GS,"Goldman Sachs Group",222.91,-2.44,-1.08%,225.12,222.53,1863200,10/09/18
GT,"Goodyear Tire Rubber",21.62,-0.89,-3.95%,22.63,21.57,4109300,10/09/18
GWW,"W.W. Grainger",335.38,-10.51,-3.04%,344.99,334.73,843400,10/09/18
HAL,"Halliburton Company",42.14,0.13,+0.31%,42.57,41.66,9496899,10/09/18
HAS,"Hasbro Inc",100.7,-0.05,-0.05%,101.59,100.17,621300,10/09/18
HBAN,"Huntington Bcshs",15.44,-0.12,-0.77%,15.61,15.4,9983399,10/09/18
HBI,"Hanesbrands Inc",17.39,-0.02,-0.11%,17.51,17.24,3201500,10/09/18
HCA,"Hca Holdings Inc",139.58,0.7,+0.50%,141.11,138.6,1649800,10/09/18
HCP,"HCP Inc",25.91,0.25,+0.97%,25.92,25.51,2469500,10/09/18
HD,"Home Depot",195.75,-2.66,-1.34%,199.18,195.58,4466700,10/09/18
HES,"Hess Corp",72.57,1.46,+2.05%,73.19,71.12,2283400,10/09/18
HFC,"Hollyfrontier Corp",68.64,1.03,+1.52%,69.41,67.47,1786000,10/09/18
HIG,"Hartford Financial Services Group",50.64,0.56,+1.12%,51.06,50.13,2681500,10/09/18
HII,"Huntington Ingalls Industries",258.8,-2.34,-0.90%,261.52,257.84,188200,10/09/18
HLT,"Hilton Inc",75.23,0.28,+0.37%,75.66,74.78,6070600,10/09/18
HOG,"Harley-Davidson Inc",42.49,-1.25,-2.86%,43.77,42.38,1571700,10/09/18
HOLX,"Hologic Inc",41.35,0.69,+1.70%,41.67,40.43,2250700,10/09/18
HON,"Honeywell International Inc",160.94,-3.92,-2.38%,164.24,160.8,3670000,10/09/18
HP,"Helmerich & Payne",72.94,1.02,+1.42%,73.74,71.99,1113400,10/09/18
HPE,"Hewlett Packard Enterprise Comp",15.69,-0.2,-1.26%,15.92,15.59,12073999,10/09/18
HPQ,"Hewlett-Packard Company",24.97,-0.04,-0.16%,25.12,24.75,9625400,10/09/18
HRB,"H&R Block",26.76,0.25,+0.94%,26.9,26.2,3025200,10/09/18
HRL,"Hormel Foods Corp",40.72,0.19,+0.47%,40.85,40.33,2125000,10/09/18
HRS,"Harris Corp",166.29,-1.05,-0.63%,167.22,165.61,438600,10/09/18
HSIC,"Henry Schein Inc",87.8,0.83,+0.95%,88.35,86.62,1064500,10/09/18
HST,"Host Marriott Financial Trust",20.15,-0.3,-1.47%,20.45,20.11,4323900,10/09/18
HSY,"Hershey Foods Corp",104.92,-1.31,-1.23%,106.37,104.82,869800,10/09/18
HUM,"Humana Inc",335.14,1.48,+0.44%,337.89,333.81,652000,10/09/18
IBM,"International Business Machines",147.24,-1.15,-0.77%,148.36,146.93,3642400,10/09/18
ICE,"Intercontinental Exchange",76.04,0.66,+0.88%,76.25,75.06,2008200,10/09/18
IDXX,"Idexx Laboratories",223.9,-0.39,-0.17%,227.12,222,568300,10/09/18
IFF,"International Flavors & Fragrances",137.49,-1.96,-1.41%,139.5,137.39,2777600,10/09/18
ILMN,"Illumina Inc",323.74,-2.15,-0.66%,327.81,321.36,775600,10/09/18
INCY,"Incyte Corp",65.5,1.33,+2.07%,65.97,63.72,887500,10/09/18
INFO,"IHS Markit Ltd",53.12,0.27,+0.51%,53.29,52.7,1621900,10/09/18
INTC,"Intel Corp",46.55,-0.48,-1.02%,47.62,46.54,23285701,10/09/18
INTU,"Intuit Inc",220.66,3.32,+1.53%,221.48,217.34,1721800,10/09/18
IP,"International Paper Company",44.64,-2.69,-5.68%,46.1,44.18,8124100,10/09/18
IPG,"Interpublic Group of Companies",23.11,-0.29,-1.24%,23.44,23.02,5200300,10/09/18
IPGP,"Ipg Photonics Corp",134.77,-0.66,-0.49%,136.45,133.64,911500,10/09/18
IQV,"Iqvia Holdings Inc",127.38,0.94,+0.74%,128.43,125.85,945700,10/09/18
IR,"Ingersoll-Rand Plc [Ireland]",102.3,-1.11,-1.07%,103.54,102.27,1534900,10/09/18
IRM,"Iron Mountain Inc",33.55,-0.36,-1.06%,33.97,33.46,1325000,10/09/18
ISRG,"Intuitive Surg Inc",531.21,4.74,+0.90%,537.99,523.71,1009200,10/09/18
IT,"Gartner Inc",152.54,-0.67,-0.44%,154.11,151.72,597200,10/09/18
ITW,"Illinois Tool Works Inc",136.87,-3.8,-2.70%,140.17,136.8,1663900,10/09/18
IVZ,"Invesco Plc",21.8,-0.61,-2.72%,22.46,21.66,6782400,10/09/18
JBHT,"J B Hunt Transport",118.17,-2.92,-2.41%,121.74,117.94,886600,10/09/18
JCI,"Johnson Controls Intl",35.01,-1.5,-4.11%,36.49,34.99,4110500,10/09/18
JEC,"Jacobs Engineering Group Inc",76.66,-0.42,-0.54%,77.54,76.41,795200,10/09/18
JEF,"Jefferies Financial Group Inc",22.69,-0.25,-1.09%,22.97,22.56,2283500,10/09/18
JNJ,"Johnson & Johnson",139.2,-0.19,-0.14%,139.62,137.81,4475300,10/09/18
JNPR,"Juniper Networks",28.76,-0.05,-0.17%,28.91,28.62,2314100,10/09/18
JPM,"JP Morgan Chase & Co",114.52,-0.8,-0.69%,115.03,113.67,14069400,10/09/18
JWN,Nordstrom,61.4,-0.52,-0.84%,62.49,60.83,2324300,10/09/18
K,"Kellogg Company",68.99,-1.27,-1.81%,70.33,68.84,1489000,10/09/18
KEY,Keycorp,20.44,-0.08,-0.39%,20.59,20.31,9165500,10/09/18
KHC,"Kraft Heinz Co",56.07,-0.99,-1.74%,57.48,55.59,8537000,10/09/18
KIM,"Kimco Realty Corp",15.77,-0.3,-1.87%,16.1,15.66,5538300,10/09/18
KLAC,"K L A-Tencor Corp",99.15,-0.07,-0.07%,101.21,97.75,2344600,10/09/18
KMB,"Kimberly-Clark Corp",114.11,-0.16,-0.14%,115.59,113.88,1481400,10/09/18
KMI,"Kinder Morgan",18.57,0.36,+1.98%,18.61,18.23,16049200,10/09/18
KMX,"Carmax Inc",70.78,-0.25,-0.35%,71.27,70.13,1801000,10/09/18
KO,"Coca-Cola Company",46.39,-0.09,-0.19%,46.55,46.22,10824500,10/09/18
KORS,"Michael Kors Holdings Ltd",67.04,-0.98,-1.44%,68.65,67.02,2062200,10/09/18
KR,"Kroger Company",27.92,-1.43,-4.87%,28.7,27.44,14954801,10/09/18
KSS,"Kohl's Corp",70.94,-0.98,-1.36%,72.9,70.74,2217400,10/09/18
KSU,"Kansas City Southern",109.53,-2.65,-2.36%,113.79,109.43,1269500,10/09/18
L,"Loews Corp",50.72,-0.16,-0.31%,51.07,50.3,1347400,10/09/18
LB,"L Brands Inc",28.83,-0.28,-0.96%,29.38,28.76,2627000,10/09/18
LEG,"Leggett & Platt Inc",40.38,-2.02,-4.76%,42.51,40.25,1570600,10/09/18
LEN,"Lennar Corp",44.31,-1.13,-2.49%,45.81,44.29,4576000,10/09/18
LH,"Laboratory Corporation of America Holdings",172.28,2.08,+1.22%,172.76,169.28,811100,10/09/18
LKQ,"LKQ Corp",29.73,-0.46,-1.52%,30.41,29.68,2558800,10/09/18
LLL,"L-3 Communications Holdings",209.16,-3.42,-1.61%,212.11,208.88,450500,10/09/18
LLY,"Eli Lilly and Company",115.45,-0.01,-0.01%,116,114.23,4715900,10/09/18
LMT,"Lockheed Martin Corp",347.31,-2.62,-0.75%,349.46,346.16,986300,10/09/18
LNC,"Lincoln National Corp",70.11,-0.47,-0.67%,70.6,69.05,1434200,10/09/18
LNT,"Alliant Energy Corp",44.1,-0.01,-0.02%,44.54,43.9,1674500,10/09/18
LOW,"Lowe's Companies",109.17,-0.73,-0.66%,110.98,109.14,3425800,10/09/18
LRCX,"Lam Research Corp",144.47,-1.61,-1.10%,146,141.35,3902400,10/09/18
LUV,"Southwest Airlines Company",59.49,-1.13,-1.86%,60.72,59.47,7852700,10/09/18
LYB,"Lyondellbasell Industries Nv",99.71,-4.51,-4.33%,103.83,99.51,3309900,10/09/18
M,"Macy's Inc",33.05,-0.13,-0.39%,33.65,32.85,5984200,10/09/18
MA,"Mastercard Inc",209.76,1.5,+0.72%,210.99,206.69,5659300,10/09/18
MAA,"Mid-America Apartment Communities",99.99,0.14,+0.14%,100.13,98.92,753700,10/09/18
MAC,"Macerich Company",52.64,-0.25,-0.47%,53.09,52.28,553600,10/09/18
MAR,"Marriot Int Class A",119.77,-0.8,-0.66%,121.26,119.68,1718100,10/09/18
MAS,"Masco Corp",33.9,-1.49,-4.21%,35.22,33.86,6535300,10/09/18
MAT,"Mattel Inc",14.48,-0.07,-0.48%,14.62,14.31,3821200,10/09/18
MCD,"McDonald's Corp",169.83,2.06,+1.23%,170.56,167.81,4158000,10/09/18
MCHP,"Microchip Technology",67.38,-0.32,-0.47%,67.87,66.26,6901800,10/09/18
MCK,"Mckesson Corp",136.84,0.79,+0.58%,137.08,134.31,2200400,10/09/18
MCO,"Moody's Corp",161.65,0,0.00%,162.64,159.07,780700,10/09/18
MDLZ,"Mondelez Intl Cmn A",42.76,-0.16,-0.37%,43.22,42.63,4160900,10/09/18
MDT,"Medtronic Inc",96.19,0.22,+0.23%,96.5,95.37,3179200,10/09/18
MET,"Metlife Inc",47.44,-0.32,-0.67%,47.52,46.81,6383400,10/09/18
MGM,"MGM Resorts International",27.34,0.87,+3.29%,27.49,26.43,11563101,10/09/18
MHK,"Mohawk Industries",160.67,-8.68,-5.13%,164.77,160.27,1319200,10/09/18
MKC,"Mccormick & Company Inc",135.82,-0.25,-0.18%,137.13,135.28,683800,10/09/18
MLM,"Martin Marietta Materials",180.89,-1.93,-1.06%,183.07,180.72,486200,10/09/18
MMC,"Marsh & Mclennan Companies",83.28,-0.25,-0.30%,83.7,83.2,1263300,10/09/18
MMM,"3M Company",210.42,-3.95,-1.84%,213.11,209.63,2947400,10/09/18
MNST,"Monster Beverage Cp",56.55,0.06,+0.11%,56.99,56.42,2470600,10/09/18
MO,"Altria Group",63.1,-0.07,-0.11%,63.56,62.76,5837600,10/09/18
MOS,"Mosaic Company",33.1,-0.62,-1.84%,33.9,33.06,3291500,10/09/18
MPC,"Marathon Petroleum Corp",83.76,-0.1,-0.12%,84.48,82.86,5322700,10/09/18
MRK,"Merck & Company",72.34,0.88,+1.23%,72.65,70.97,7871200,10/09/18
MRO,"Marathon Oil Corp",22.93,0.05,+0.22%,23.21,22.7,9196000,10/09/18
MS,"Morgan Stanley",46.16,-0.86,-1.83%,46.81,45.94,9999900,10/09/18
MSCI,"MSCI Inc",166.96,-0.86,-0.51%,168.94,166.14,665800,10/09/18
MSFT,"Microsoft Corp",112.26,1.41,+1.27%,113.08,110.8,26198500,10/09/18
MSI,"Motorola Solutions",124.45,0.95,+0.77%,124.73,122.91,727300,10/09/18
MTB,"M&T Bank Corp",169.33,-0.76,-0.45%,170.63,168.12,579700,10/09/18
MTD,"Mettler-Toledo International",590.91,-0.33,-0.06%,593.57,583.47,151600,10/09/18
MU,"Micron Technology",42.27,-0.8,-1.86%,43.04,41.98,31576299,10/09/18
MYL,"Mylan Nv Ord Shs",34.61,-0.7,-1.98%,35.18,33.09,14016199,10/09/18
NBL,"Noble Energy Inc",32.52,0.56,+1.75%,32.73,31.84,2490500,10/09/18
NCLH,"Norwegian Cruise Ord",53.97,-0.31,-0.57%,54.41,53.83,790600,10/09/18
NDAQ,"Nasdaq Inc",84.45,-0.49,-0.58%,84.99,83.41,658400,10/09/18
NEE,"Nextera Energy",173.73,0.41,+0.24%,174.47,172.6,1470300,10/09/18
NEM,"Newmont Mining Corp",30.11,-0.41,-1.34%,30.54,29.94,4048700,10/09/18
NFLX,"Netflix Inc",355.71,6.61,+1.89%,358.72,347.09,8754899,10/09/18
NFX,"Newfield Exploration Company",28.12,0.18,+0.64%,28.52,27.8,2579900,10/09/18
NI,"NiSource Inc",24.99,-0.06,-0.24%,25.3,24.93,2543200,10/09/18
NKE,"Nike Inc",80.42,0.19,+0.24%,81.49,80.16,7643600,10/09/18
NKTR,"Nektar Therapeutics",51.96,0.2,+0.39%,52.59,51.41,1351900,10/09/18
NLSN,"Nielsen Holdings Plc",26.89,0,0.00%,27.33,26.75,3259200,10/09/18
NOC,"Northrop Grumman Corp",314.2,-4.8,-1.50%,318.14,314.07,873600,10/09/18
NOV,National-Oilwell,45.45,1.11,+2.50%,46.17,44.17,5410200,10/09/18
NRG,"NRG Energy",37.42,0.13,+0.35%,37.6,37.08,2832600,10/09/18
NSC,"Norfolk Southern Corp",181.69,-2.3,-1.25%,184.75,181.48,1307600,10/09/18
NTAP,"Netapp Inc",79.73,-0.36,-0.45%,80.94,79.27,2584400,10/09/18
NTRS,"Northern Trust Corp",105.53,-1.19,-1.12%,106.4,105.18,806400,10/09/18
NUE,"Nucor Corp",63.7,-1.02,-1.58%,64.7,63.62,1747500,10/09/18
NVDA,"Nvidia Corp",265.54,-0.23,-0.09%,268.76,262.8,6837400,10/09/18
NWL,"Newell Rubbermaid Inc",18.72,-0.59,-3.06%,19.33,18.6,6213500,10/09/18
NWS,"News Cp Cl B Cmn ST",13.73,0.1,+0.73%,13.9,13.59,793200,10/09/18
NWSA,"News Cp Cl A Cmn ST",13.48,0.16,+1.20%,13.52,13.26,5855900,10/09/18
O,"Realty Income Corp",58.57,0.49,+0.84%,58.78,57.94,2969200,10/09/18
OKE,"Oneok Inc",68.72,0.32,+0.47%,68.89,68.21,1333300,10/09/18
OMC,"Omnicom Group Inc",71.7,-0.65,-0.90%,73.12,71.43,3499100,10/09/18
ORCL,"Oracle Corp",48.87,-0.49,-0.99%,49.4,48.83,19009799,10/09/18
ORLY,"O'Reilly Automotive",345.56,1.22,+0.35%,349.67,344.52,504300,10/09/18
OXY,"Occidental Petroleum Corp",82.23,0.48,+0.59%,82.81,81.58,3328600,10/09/18
PAYX,"Paychex Inc",72.5,0.14,+0.19%,73.49,72.21,1522200,10/09/18
PBCT,"People's United Finl",17.19,-0.09,-0.52%,17.35,17.13,2171900,10/09/18
PCAR,"Paccar Inc",66.36,-1.77,-2.60%,68.36,66.28,1501100,10/09/18
PCG,"Pacific Gas & Electric Co",48.55,0.63,+1.31%,48.85,47.83,6681800,10/09/18
PEG,"Public Service Enterprise Group Inc",54.07,0.55,+1.03%,54.28,53.47,3339000,10/09/18
PEP,"Pepsico Inc",108.12,-0.07,-0.06%,108.94,107.52,4105600,10/09/18
PFE,"Pfizer Inc",45.47,0.19,+0.42%,45.81,44.79,20386100,10/09/18
PFG,"Principal Financial Group Inc",60.21,-0.44,-0.73%,60.64,59.63,1139600,10/09/18
PG,"Procter & Gamble Company",82.2,-0.2,-0.24%,82.72,82.06,6268000,10/09/18
PGR,"Progressive Corp",71.83,0.8,+1.13%,72.02,70.95,3643200,10/09/18
PH,"Parker-Hannifin Corp",178.36,-3.11,-1.71%,181.14,178.08,682500,10/09/18
PHM,Pultegroup,23.86,-0.34,-1.40%,24.24,23.6,4930000,10/09/18
PKG,"Packaging Corporation of America",93.14,-8.24,-8.13%,98.85,92.57,3136500,10/09/18
PKI,Perkinelmer,90.75,0.05,+0.06%,91.6,90,547900,10/09/18
PLD,"Prologis Inc",67.06,0.86,+1.30%,67.17,65.88,3117100,10/09/18
PM,"Philip Morris International Inc",84.63,-0.26,-0.31%,85.48,84.63,5369000,10/09/18
PNC,"PNC Bank",138.7,-1.05,-0.75%,140.05,138,1770400,10/09/18
PNR,"Pentair Ltd",41.71,-0.94,-2.20%,42.59,41.69,1148000,10/09/18
PNW,"Pinnacle West Capital Corp",83.32,0.55,+0.66%,83.78,82.68,945700,10/09/18
PPG,"PPG Industries",98.56,-11.02,-10.06%,101.92,98.31,10425600,10/09/18
PPL,"PPL Corp",30.42,-0.08,-0.26%,30.66,30.3,4205500,10/09/18
PRGO,"Perrigo Company",71.49,-1.31,-1.80%,71.58,68.3,4349200,10/09/18
PRU,"Prudential Financial Inflation Retail",105.95,-0.04,-0.04%,106.55,104.56,2334000,10/09/18
PSA,"Public Storage",200.94,-0.25,-0.12%,201.45,199.75,849700,10/09/18
PSX,"Phillips 66",117.68,-0.46,-0.39%,119.14,117.11,2263600,10/09/18
PVH,"Phillips-Van Heusen Corp",134.62,0.19,+0.14%,136.3,132.91,995300,10/09/18
PWR,"Quanta Services",32.41,-0.15,-0.46%,32.65,32.33,1101000,10/09/18
PX,Praxair,161.18,-3.13,-1.90%,163.74,161,1510300,10/09/18
PXD,"Pioneer Natural Resources Co",187.92,6.08,+3.34%,189.78,181.66,2097000,10/09/18
PYPL,"Paypal Holdings",80.03,-0.52,-0.65%,81.84,79.44,9332601,10/09/18
QCOM,"Qualcomm Inc",70.13,-0.8,-1.13%,70.96,70.09,10329200,10/09/18
QRVO,"Qorvo Inc",74.34,1.36,+1.86%,74.66,72.67,1108600,10/09/18
RCL,"Royal Caribbean Cruises Ltd",123.09,-1.37,-1.10%,124.67,122.67,1042500,10/09/18
RE,"Everest Re Group",229.51,2.31,+1.02%,229.77,226.38,253400,10/09/18
REG,"Regency Centers Corp",64.05,-0.21,-0.33%,64.41,63.57,1593000,10/09/18
REGN,"Regeneron Pharmaceutical",392.53,-1.62,-0.41%,396.64,388.68,421900,10/09/18
RF,"Regions Financial Corp",18.59,-0.1,-0.54%,18.73,18.49,8757101,10/09/18
RHI,"Robert Half International Inc",68.08,0.11,+0.16%,68.36,67.4,1208600,10/09/18
RHT,"Red Hat Inc",122.78,-2.22,-1.78%,126.13,121.44,2666900,10/09/18
RJF,"Raymond James Financial",94.82,0.55,+0.58%,95.21,93.5,919500,10/09/18
RL,"Ralph Lauren Corp",127.74,-0.28,-0.22%,129.35,127.06,570200,10/09/18
RMD,"Resmed Inc",106.3,-1.57,-1.46%,108.19,106.1,620300,10/09/18
ROK,"Rockwell Automation Inc",183.38,-1.71,-0.92%,184.76,181.95,985400,10/09/18
ROL,"Rollins Inc",59.11,0.18,+0.31%,59.73,58.89,809100,10/09/18
ROP,"Roper Industries",289.3,-2.89,-0.99%,292.02,288.31,358700,10/09/18
ROST,"Ross Stores Inc",97.15,1.27,+1.32%,98.06,95.68,2465400,10/09/18
RSG,"Republic Services",72.85,0,0.00%,73.3,72.55,1594000,10/09/18
RTN,"Raytheon Company",204.59,-2.23,-1.08%,206.81,204.5,1371200,10/09/18
SBAC,"SBA Communications",155.84,0.94,+0.61%,156.33,154.13,441600,10/09/18
SBUX,"Starbucks Corp",57.71,1.17,+2.07%,59.7,56.81,24855602,10/09/18
SCG,"Scana Corp",39.91,0.65,+1.66%,40.34,39.41,1268000,10/09/18
SCHW,"The Charles Schwab Corp",52.17,0.5,+0.97%,52.35,51.33,5211800,10/09/18
SEE,"Sealed Air Corp",37.5,-1.4,-3.60%,38.7,37.38,2893100,10/09/18
SHW,"Sherwin-Williams Company",424.73,-17.83,-4.03%,435.1,421.9,1266900,10/09/18
SIVB,"Svb Financial Grp",316.05,-2.32,-0.73%,318.48,314.92,276500,10/09/18
SJM,"J.M. Smucker Company",101.97,-2.43,-2.33%,104.91,101.76,1186400,10/09/18
SLB,"Schlumberger N.V.",63.11,0.17,+0.27%,63.65,62.3,6410500,10/09/18
SLG,"SL Green Realty Corp",94.76,0.01,+0.01%,95.25,93.95,582800,10/09/18
SNA,"Snap-On Inc",178,-1.32,-0.74%,179.98,177.86,686100,10/09/18
SNPS,"Synopsys Inc",90.85,-0.44,-0.48%,92.16,90.45,1277400,10/09/18
SO,"Southern Company",44.12,0.2,+0.46%,44.35,43.81,5865300,10/09/18
SPG,"Simon Property Group",175.1,0.19,+0.11%,176.67,173.58,1198200,10/09/18
SPGI,"S&P Global Inc",187.82,-2.19,-1.15%,189.99,187.51,1606300,10/09/18
SRCL,"Stericycle Inc",54.12,0.08,+0.15%,54.31,53.63,662100,10/09/18
SRE,"Sempra Energy",116.4,-0.15,-0.13%,117.15,115.35,2005400,10/09/18
STI,"Suntrust Banks",66.7,-0.26,-0.39%,67.1,66.29,3560500,10/09/18
STT,"State Street Corp",86.36,-0.78,-0.90%,87.1,85.91,2949700,10/09/18
STX,"Seagate Tech Ord Shs",44,-1.84,-4.01%,45.64,43.53,4961100,10/09/18
STZ,"Constellation Brands Inc",226.27,-2.4,-1.05%,228.33,225.23,2443100,10/09/18
SWK,"Stanley Black & Decker Inc",134.68,-6.52,-4.62%,140.95,134.36,1893700,10/09/18
SWKS,"Skyworks Solutions",88.52,0.95,+1.08%,88.7,87.3,1084600,10/09/18
SYF,"Synchrony Financial",31.15,-0.18,-0.57%,31.35,30.98,3740700,10/09/18
SYK,"Stryker Corp",176.08,1.08,+0.62%,176.64,174.15,1020100,10/09/18
SYMC,"Symantec Corp",19.91,-0.43,-2.11%,20.44,19.82,6108400,10/09/18
SYY,"Sysco Corp",71.8,-0.87,-1.20%,72.55,71.74,2722700,10/09/18
T,"AT&T Inc",33.5,-0.61,-1.79%,33.7,33.5,27866000,10/09/18
TAP,"Molson Coors Brewing Company",61.73,-1.02,-1.63%,62.39,61.56,1225600,10/09/18
TDG,"Transdigm Group Inc",351.21,-4.64,-1.30%,355.81,349.01,326700,10/09/18
TEL,"Te Connectivity Ltd",82.38,-1.61,-1.92%,84.05,82.02,3562200,10/09/18
TGT,"Target Corp",85.66,0.26,+0.30%,86.8,85.49,3330900,10/09/18
TIF,"Tiffany & Co",122.95,1.07,+0.88%,124.81,121.88,1459500,10/09/18
TJX,"TJX Companies",111.4,0.59,+0.53%,112.16,110.72,3069200,10/09/18
TMK,"Torchmark Corp",88.85,0.15,+0.17%,89.29,88,420900,10/09/18
TMO,"Thermo Fisher Scientific Inc",239.97,0.31,+0.13%,241.27,238.42,1397600,10/09/18
TPR,"Tapestry Inc",47.78,-0.48,-0.99%,48.69,47.66,2294000,10/09/18
TRIP,"Tripadvisor Inc",47.8,-2.18,-4.36%,49.76,47.2,5051300,10/09/18
TROW,"T Rowe Price Group",107.99,-1.24,-1.14%,109.2,107.71,1559500,10/09/18
TRV,"The Travelers Companies Inc",131.59,-0.07,-0.05%,132.02,130.32,865200,10/09/18
TSCO,"Tractor Supply Co",89.04,0.36,+0.41%,90.63,87.69,1551000,10/09/18
TSN,"Tyson Foods",62.83,-0.45,-0.71%,63.54,62.8,3772800,10/09/18
TSS,"Total System Services",95.31,0.38,+0.40%,96.06,94.44,1238800,10/09/18
TTWO,"Take-Two Interacti",127.95,1.13,+0.89%,130,124.38,1602300,10/09/18
TWTR,"Twitter Inc",29.27,0.82,+2.88%,29.57,28.34,22759199,10/09/18
TXN,"Texas Instruments",102.87,0.94,+0.92%,103.15,101.55,6041600,10/09/18
TXT,"Textron Inc",70.33,-1.37,-1.91%,71.53,70.3,1034100,10/09/18
UA,"Under Armour Inc Class C Comm",17.72,0.04,+0.23%,18.25,17.66,1719500,10/09/18
UAA,"Under Armour",19.4,0.05,+0.26%,19.95,19.34,3154600,10/09/18
UAL,"United Continental Holdings",81.43,-2.25,-2.69%,84.41,81.28,4287200,10/09/18
UDR,"United Dominion Realty Trust",40.31,0.15,+0.37%,40.31,39.64,1451000,10/09/18
UHS,"Universal Health Services",127.57,1.24,+0.98%,128.09,125.91,401700,10/09/18
ULTA,"Ulta Salon Cosmetic",275.68,2.19,+0.80%,278,272.67,703000,10/09/18
UNH,"Unitedhealth Group Inc",270.11,1.1,+0.41%,271.95,268.47,2510300,10/09/18
UNM,"Unumprovident Corp",39.81,-0.42,-1.04%,40.11,39.37,2090500,10/09/18
UNP,"Union Pacific Corp",162.39,-2.17,-1.32%,164.66,162.27,3558700,10/09/18
UPS,"United Parcel Service",117.92,-0.86,-0.72%,118.7,117.43,4652600,10/09/18
URI,"United Rentals",152.74,-3.33,-2.13%,155.71,152.62,1177600,10/09/18
USB,"U.S. Bancorp",53.95,0.02,+0.04%,54.22,53.42,5517500,10/09/18
UTX,"United Technologies Corp",135.88,-3.71,-2.66%,139.95,135.69,4768200,10/09/18
V,"Visa Inc",142.31,0.42,+0.30%,143.29,141.12,10798400,10/09/18
VAR,"Varian Medical Systems",107.91,0.25,+0.23%,108.92,107.16,542800,10/09/18
VFC,"V.F. Corp",92.58,0.19,+0.21%,93.4,91.99,2669000,10/09/18
VIAB,"Viacom Inc Cl B",32.82,0.08,+0.24%,33.62,32.58,3312500,10/09/18
VLO,"Valero Energy Corp",115.66,-0.52,-0.45%,117.51,115.35,2400400,10/09/18
VMC,"Vulcan Materials Company",109.15,-1.52,-1.37%,110.59,109.04,1002600,10/09/18
VNO,"Vornado Realty Trust",71.4,-0.12,-0.17%,71.81,70.97,1153800,10/09/18
VRSK,"Verisk Analytics Inc",120.57,1.4,+1.17%,121.18,119.32,860800,10/09/18
VRSN,"Verisign Inc",148.02,-2.76,-1.83%,151.98,147.45,1091700,10/09/18
VRTX,"Vertex Pharmaceutic",185.66,0.32,+0.17%,187.96,184.78,1087200,10/09/18
VTR,"Ventas Inc",54.36,0.46,+0.85%,54.44,53.44,1663700,10/09/18
VZ,"Verizon Communications Inc",54.99,-0.03,-0.05%,55.14,54.03,16962400,10/09/18
WAT,"Waters Corp",181.5,-1.45,-0.79%,182.76,180.92,739000,10/09/18
WBA,"Walgreens Boots Alliance",73.56,-0.59,-0.80%,73.82,72.91,5194700,10/09/18
WCG,"Wellcare Group",311.18,0.55,+0.18%,312.74,308.19,431200,10/09/18
WDC,"Western Digital Cp",54.42,-1.23,-2.21%,55.64,53.58,4040800,10/09/18
WEC,"Wisconsin Energy Corp",69.06,0.32,+0.47%,69.57,68.68,2698600,10/09/18
WELL,"Welltower Inc",63.98,0.78,+1.23%,64.01,62.72,2086700,10/09/18
WFC,"Wells Fargo & Company",53.53,-0.14,-0.26%,53.97,52.97,15918600,10/09/18
WHR,"Whirlpool Corp",106.3,-6.26,-5.56%,111,106.06,1662100,10/09/18
WLTW,"Willis Towers Wts",142.59,-0.21,-0.15%,144.03,141.84,473600,10/09/18
WM,"Waste Management",91.27,0.39,+0.43%,91.66,90.49,2248700,10/09/18
WMB,"Williams Companies",27.63,-0.06,-0.22%,27.72,27.33,9053800,10/09/18
WMT,"Wal-Mart Stores",97.08,2.39,+2.52%,97.74,95.19,11598800,10/09/18
WRK,"Westrock Company",45.25,-3.88,-7.90%,47.1,44.18,6043200,10/09/18
WU,"Western Union Company",18.17,0.15,+0.83%,18.2,17.85,7283500,10/09/18
WY,"Weyerhaeuser Company",30.53,-0.32,-1.04%,30.92,30.25,3250200,10/09/18
WYNN,"Wynn Resorts Ltd",118.96,2.69,+2.31%,119.58,115.6,2643100,10/09/18
XEC,"Cimarex Energy Co",100.44,1.19,+1.20%,101.19,98.96,1506100,10/09/18
XEL,"XCEL Energy Inc",49.01,0.23,+0.47%,49.3,48.7,3519600,10/09/18
XLNX,"Xilinx Inc",77.65,0.18,+0.23%,78.52,77,1732300,10/09/18
XOM,"Exxon Mobil Corp",86.51,0.38,+0.44%,86.88,85.74,10177800,10/09/18
XRAY,"Dentsply Sirona Inc",35.75,-0.28,-0.78%,36.11,35.59,1841600,10/09/18
XRX,"Xerox Corp",26.21,-0.35,-1.32%,26.67,26.12,1810400,10/09/18
XYL,"Xylem Inc",74.42,-3.32,-4.27%,77.82,74.35,1859400,10/09/18
YUM,"Yum! Brands",91.18,0.54,+0.60%,92.21,90.77,2162900,10/09/18
ZBH,"Zimmer Biomet Holdings",126.91,-0.46,-0.36%,128.23,125.92,831000,10/09/18
ZION,"Zions Bancorporation",51.67,-0.42,-0.81%,52.01,51.45,1524500,10/09/18
ZTS,"Zoetis Inc Class A",92.55,1.08,+1.18%,93.03,91.03,1987800,10/09/18
